{"initial_reset_timestamp": 1588330325.2934182, "timestamps": [1588330340.386215], "episode_lengths": [500], "episode_rewards": [500.0], "episode_types": ["t"]}